{"cameraMode":{"drawMode":0,"name":"Shaded","section":"Shading Mode"},"sceneLighting":false,"audioPlay":false,"sceneViewState":{"m_AlwaysRefresh":false,"showFog":true,"showSkybox":false,"showFlares":true,"showImageEffects":true,"showParticleSystems":true,"showVisualEffectGraphs":true,"m_FxEnabled":true},"in2DMode":false,"pivot":{"x":0.4096566438674927,"y":0.8069091439247131,"z":0.0016605854034423829},"rotation":{"x":-0.17901694774627686,"y":-0.0584055595099926,"z":0.010647302493453026,"w":-0.9820520281791687},"size":1.2124356031417847,"orthographic":false}