{"cameraMode":{"drawMode":0,"name":"Shaded","section":"Shading Mode"},"sceneLighting":false,"audioPlay":false,"sceneViewState":{"m_AlwaysRefresh":false,"showFog":true,"showSkybox":true,"showFlares":true,"showImageEffects":true,"showParticleSystems":true,"showVisualEffectGraphs":true,"m_FxEnabled":true},"in2DMode":false,"pivot":{"x":-5.241753578186035,"y":2.5232362747192385,"z":5.279018402099609},"rotation":{"x":0.26232239603996279,"y":-0.022289985790848733,"z":0.00606104452162981,"w":0.964706301689148},"size":11.658522605895996,"orthographic":false}